{
    "accuracy": 0.9740566037735849,
    "f1_score_macro": 0.9690494053475763,
    "f1_score_weighted": 0.9740229840166867,
    "per_class": {
        "Dermatitis": {
            "precision": 1.0,
            "recall": 0.9090909090909091,
            "f1-score": 0.9523809523809523,
            "support": 66.0
        },
        "Fungal_infections": {
            "precision": 0.9056603773584906,
            "recall": 0.96,
            "f1-score": 0.9320388349514563,
            "support": 50.0
        },
        "Healthy": {
            "precision": 0.9571428571428572,
            "recall": 0.9710144927536232,
            "f1-score": 0.9640287769784173,
            "support": 69.0
        },
        "Hypersensitivity": {
            "precision": 1.0,
            "recall": 0.9583333333333334,
            "f1-score": 0.9787234042553191,
            "support": 24.0
        },
        "demodicosis": {
            "precision": 1.0,
            "recall": 1.0,
            "f1-score": 1.0,
            "support": 100.0
        },
        "ringworm": {
            "precision": 0.9745762711864406,
            "recall": 1.0,
            "f1-score": 0.9871244635193133,
            "support": 115.0
        },
        "accuracy": 0.9740566037735849,
        "macro avg": {
            "precision": 0.972896584281298,
            "recall": 0.9664064558629777,
            "f1-score": 0.9690494053475763,
            "support": 424.0
        },
        "weighted avg": {
            "precision": 0.9750050641443925,
            "recall": 0.9740566037735849,
            "f1-score": 0.9740229840166867,
            "support": 424.0
        }
    }
}