{
    "accuracy": 0.9740566037735849,
    "f1_score_macro": 0.966495978115001,
    "f1_score_weighted": 0.9740445276331424,
    "per_class": {
        "Dermatitis": {
            "precision": 0.984375,
            "recall": 0.9545454545454546,
            "f1-score": 0.9692307692307692,
            "support": 66.0
        },
        "Fungal_infections": {
            "precision": 0.9787234042553191,
            "recall": 0.92,
            "f1-score": 0.9484536082474226,
            "support": 50.0
        },
        "Healthy": {
            "precision": 0.9324324324324325,
            "recall": 1.0,
            "f1-score": 0.965034965034965,
            "support": 69.0
        },
        "Hypersensitivity": {
            "precision": 0.92,
            "recall": 0.9583333333333334,
            "f1-score": 0.9387755102040817,
            "support": 24.0
        },
        "demodicosis": {
            "precision": 0.9900990099009901,
            "recall": 1.0,
            "f1-score": 0.9950248756218906,
            "support": 100.0
        },
        "ringworm": {
            "precision": 0.9911504424778761,
            "recall": 0.9739130434782609,
            "f1-score": 0.9824561403508771,
            "support": 115.0
        },
        "accuracy": 0.9740566037735849,
        "macro avg": {
            "precision": 0.9661300481777696,
            "recall": 0.9677986385595081,
            "f1-score": 0.966495978115001,
            "support": 424.0
        },
        "weighted avg": {
            "precision": 0.9747994337869306,
            "recall": 0.9740566037735849,
            "f1-score": 0.9740445276331424,
            "support": 424.0
        }
    }
}