{
    "accuracy": 0.9575471698113207,
    "f1_score_macro": 0.945495688922937,
    "f1_score_weighted": 0.9575937002909207,
    "per_class": {
        "Dermatitis": {
            "precision": 0.9523809523809523,
            "recall": 0.9090909090909091,
            "f1-score": 0.9302325581395349,
            "support": 66.0
        },
        "Fungal_infections": {
            "precision": 0.8703703703703703,
            "recall": 0.94,
            "f1-score": 0.9038461538461539,
            "support": 50.0
        },
        "Healthy": {
            "precision": 0.9436619718309859,
            "recall": 0.9710144927536232,
            "f1-score": 0.9571428571428572,
            "support": 69.0
        },
        "Hypersensitivity": {
            "precision": 0.9545454545454546,
            "recall": 0.875,
            "f1-score": 0.9130434782608695,
            "support": 24.0
        },
        "demodicosis": {
            "precision": 0.9900990099009901,
            "recall": 1.0,
            "f1-score": 0.9950248756218906,
            "support": 100.0
        },
        "ringworm": {
            "precision": 0.9823008849557522,
            "recall": 0.9652173913043478,
            "f1-score": 0.9736842105263158,
            "support": 115.0
        },
        "accuracy": 0.9575471698113207,
        "macro avg": {
            "precision": 0.9488931073307508,
            "recall": 0.9433871321914801,
            "f1-score": 0.945495688922937,
            "support": 424.0
        },
        "weighted avg": {
            "precision": 0.9584243658044831,
            "recall": 0.9575471698113207,
            "f1-score": 0.9575937002909207,
            "support": 424.0
        }
    }
}