{
    "accuracy": 0.9386792452830188,
    "f1_score_macro": 0.920533980685454,
    "f1_score_weighted": 0.9387157692070303,
    "per_class": {
        "Dermatitis": {
            "precision": 0.9538461538461539,
            "recall": 0.9393939393939394,
            "f1-score": 0.9465648854961832,
            "support": 66.0
        },
        "Fungal_infections": {
            "precision": 0.8723404255319149,
            "recall": 0.82,
            "f1-score": 0.845360824742268,
            "support": 50.0
        },
        "Healthy": {
            "precision": 0.8918918918918919,
            "recall": 0.9565217391304348,
            "f1-score": 0.9230769230769231,
            "support": 69.0
        },
        "Hypersensitivity": {
            "precision": 0.8148148148148148,
            "recall": 0.9166666666666666,
            "f1-score": 0.8627450980392157,
            "support": 24.0
        },
        "demodicosis": {
            "precision": 0.9803921568627451,
            "recall": 1.0,
            "f1-score": 0.9900990099009901,
            "support": 100.0
        },
        "ringworm": {
            "precision": 0.981651376146789,
            "recall": 0.9304347826086956,
            "f1-score": 0.9553571428571429,
            "support": 115.0
        },
        "accuracy": 0.9386792452830188,
        "macro avg": {
            "precision": 0.915822803182385,
            "recall": 0.9271695212999562,
            "f1-score": 0.920533980685454,
            "support": 424.0
        },
        "weighted avg": {
            "precision": 0.9400851119568235,
            "recall": 0.9386792452830188,
            "f1-score": 0.9387157692070303,
            "support": 424.0
        }
    }
}