{
    "accuracy": 0.9716981132075472,
    "f1_score_macro": 0.9646749625918175,
    "f1_score_weighted": 0.9716480937789002,
    "per_class": {
        "Dermatitis": {
            "precision": 0.96875,
            "recall": 0.9393939393939394,
            "f1-score": 0.9538461538461539,
            "support": 66.0
        },
        "Fungal_infections": {
            "precision": 0.96,
            "recall": 0.96,
            "f1-score": 0.96,
            "support": 50.0
        },
        "Healthy": {
            "precision": 0.9324324324324325,
            "recall": 1.0,
            "f1-score": 0.965034965034965,
            "support": 69.0
        },
        "Hypersensitivity": {
            "precision": 0.9565217391304348,
            "recall": 0.9166666666666666,
            "f1-score": 0.9361702127659575,
            "support": 24.0
        },
        "demodicosis": {
            "precision": 0.9900990099009901,
            "recall": 1.0,
            "f1-score": 0.9950248756218906,
            "support": 100.0
        },
        "ringworm": {
            "precision": 0.9910714285714286,
            "recall": 0.9652173913043478,
            "f1-score": 0.9779735682819384,
            "support": 115.0
        },
        "accuracy": 0.9716981132075472,
        "macro avg": {
            "precision": 0.9664791016725477,
            "recall": 0.963546332894159,
            "f1-score": 0.9646749625918175,
            "support": 424.0
        },
        "weighted avg": {
            "precision": 0.9722051293697678,
            "recall": 0.9716981132075472,
            "f1-score": 0.9716480937789002,
            "support": 424.0
        }
    }
}