{
    "accuracy": 0.9693396226415094,
    "f1_score_macro": 0.9622873655064129,
    "f1_score_weighted": 0.9693902450345996,
    "per_class": {
        "Dermatitis": {
            "precision": 0.9402985074626866,
            "recall": 0.9545454545454546,
            "f1-score": 0.9473684210526315,
            "support": 66.0
        },
        "Fungal_infections": {
            "precision": 0.94,
            "recall": 0.94,
            "f1-score": 0.94,
            "support": 50.0
        },
        "Healthy": {
            "precision": 0.9714285714285714,
            "recall": 0.9855072463768116,
            "f1-score": 0.9784172661870504,
            "support": 69.0
        },
        "Hypersensitivity": {
            "precision": 0.92,
            "recall": 0.9583333333333334,
            "f1-score": 0.9387755102040817,
            "support": 24.0
        },
        "demodicosis": {
            "precision": 1.0,
            "recall": 1.0,
            "f1-score": 1.0,
            "support": 100.0
        },
        "ringworm": {
            "precision": 0.9821428571428571,
            "recall": 0.9565217391304348,
            "f1-score": 0.9691629955947136,
            "support": 115.0
        },
        "accuracy": 0.9693396226415094,
        "macro avg": {
            "precision": 0.9589783226723525,
            "recall": 0.9658179622310056,
            "f1-score": 0.9622873655064129,
            "support": 424.0
        },
        "weighted avg": {
            "precision": 0.9696101450295691,
            "recall": 0.9693396226415094,
            "f1-score": 0.9693902450345996,
            "support": 424.0
        }
    }
}