{
    "train_loss": [
        1.4437656312926204,
        0.8681221708273277,
        0.6383383039735321,
        0.5463859492896969
    ],
    "val_loss": [
        0.9170254222055872,
        0.677891922741234,
        0.6475964986405024,
        0.6052281400736641
    ]
}