{
    "train_loss": [
        1.1809907000289004,
        0.6794921644732483,
        0.504923534189534,
        0.4588526147043603
    ],
    "val_loss": [
        0.736871347850969,
        0.6445262615277129,
        0.6057729265269112,
        0.6001647015651163
    ]
}