{
    "train_loss": [
        1.2425365487734477,
        0.7028262138366699,
        0.5484471667526115,
        0.4993764427992014
    ],
    "val_loss": [
        0.704830085673109,
        0.5977469360699602,
        0.5566575093572738,
        0.5565659114364244
    ]
}