{
    "train_loss": [
        0.9729415044825301,
        0.5367979903506418,
        0.46697141849077667,
        0.44704702338601787
    ],
    "val_loss": [
        0.6801359308581678,
        0.5740076004385519,
        0.5593861158655471,
        0.5550115411879779
    ]
}